<?xml version="1.0" encoding="utf-8"?>
<extension type="module" version="3.1.0" client="site" method="upgrade">
    <name>SpeedTest</name>
    <author>Makarin N.</author>
    <version>1.0.0</version>
    <description>SpeedTest module for Joomla.</description>
    <files>
        <filename>mod_speedtest.xml</filename>
        <filename module="mod_speedtest">mod_speedtest.php</filename>
        <filename>index.html</filename>
        <filename>helper.php</filename>
        <filename>tmpl/default.php</filename>
        <filename>tmpl/index.html</filename>
    </files>
    <config>
    </config>
</extension>
